candidate_id,name,firm,source_count,source_types,source_urls,reasons
c001,Josh Butler,Butler Benefits & Consulting,6,benefitspro_ebn; fmma_conference; fmma_directory; health_rosetta_directory; health_rosetta_podcast; linkedin_keyword_search,https://www.benefitspro.com/2022/05/24/2022-broker-of-the-year | https://fmma.org/annual-conference/past-conferences/ | https://fmma.org/membership/chapters/ | https://directory.healthrosetta.org/directory/josh_butler | https://www.buzzsprout.com/2504748/episodes/18254555 | https://www.linkedin.com/in/josh-butler-benefits/,"Founder/President of Butler Benefits & Consulting (Amarillo TX); 2022 BenefitsPRO Broker of the Year; Health Rosetta Certified Advisor | FMMA 2025 Annual Conference speaker; President/founder of Butler Benefits (Amarillo TX); 2022 BenefitsPRO Broker of the Year; Health Rosetta certified independent fiduciary EB brokerage | FMMA Amarillo chapter leader and president/owner of Butler Benefits & Consulting, an independent next-generation EB brokerage focused on transparent self-funded plans | Listed as Health Rosetta certified advisor at Butler Benefits & Consulting (eponymous firm) | Guest on ""Problem Solvers, Not Just Brokers"" Relocalizing Health podcast (Ep 12); founder/President of independent fiduciary EB brokerage Butler Benefits & Consulting (Amarillo TX); founding Health Rosetta Certified Advisor | Founder/President of independent EB consulting/brokerage firm, Health Rosetta certified; surfaced via 'Butler Benefits founder' search"
c002,David Contorno,E Powered Benefits,6,fmma_conference; health_rosetta_directory; linkedin_keyword_search; relentless_health_value; self_funded_with_spencer; validation_institute,https://fmma.org/wp-content/uploads/2025/01/David-Contorno.pdf | https://directory.healthrosetta.org/directory/david_contorno | https://healthrosetta.org/people/david-contorno/ | https://relentlesshealthvalue.com/episode/ep339 | https://www.selffundedwithspencer.com/health-insurance-shouldnt-be-such-a-burden-with-david-contorno/ | https://validationinstitute.com/fiduciary/,"FMMA 2019 and 2025 speaker (David-Contorno.pdf hosted on fmma.org); founder/CEO of E Powered Benefits; Forbes Most Innovative Broker; transparent fee-based independent EB brokerage | Listed as Health Rosetta certified advisor at E Powered Benefits | Founder/CEO of fee-only fiduciary EB brokerage, no commissions; surfaced via 'benefits broker founder fiduciary' search | EP339: Helping Employers Navigate the Perilous Medical-Industrial Complex (Sept 2021) - founder of E Powered Benefits, independent fiduciary EB brokerage; appeared multiple times on RHV | Multiple Spencer eps (Jan 2024 ""Health Insurance Shouldn't Be Such A Burden""; ""The Real Cost of Health Insurance"") — founder and CEO of E Powered Benefits, an independent fiduciary/transparent EB brokerage; Forbes Most Innovative Insurance Broker; BenefitsPro Broker of the Year | Founder of independent fee-based EB brokerage E Powered Benefits; Validation Institute fiduciary-validated advisor."
c003,Bryce Heinbaugh,IEN Risk Management Consultants,5,benefitspro_ebn; fmma_conference; health_rosetta_directory; health_rosetta_live; linkedin_keyword_search,https://voluntarydisruption.com/2023/05/01/2023-benefitspro-broker-of-the-year-top-5-finalist-bryce-heinbaugh/ | https://fmma.org/annual-conference/past-conferences/ | https://directory.healthrosetta.org/directory/bryce_heinbaugh | https://healthrosetta.org/rosies/denver-2023/ | https://www.linkedin.com/in/bryce-heinbaugh-mba-healthcare-trailblazer-2216368/,"Co-founder/CEO of IEN Risk Management Consultants; 2023 BenefitsPRO Broker of the Year finalist; Health Rosetta transparency advocate | FMMA 2024 Annual Conference speaker; Managing Partner/CEO of IEN Risk Management Consultants (Cleveland OH); independent EB brokerage; Health Rosetta practitioner | Listed as Health Rosetta certified advisor at IEN Risk Management | Recognized advisor at 2023, 2024 Rosies (Live events) for INEOS, City of Ashtabula and others; Founder/Managing Partner of IEN Risk Management Consultants (Cleveland OH), independent fiduciary EB brokerage he founded at age 23 | Founder/CEO/Managing Partner of independent EB consulting firm, Health Rosetta Practitioner, 2023 BenefitsPRO Broker of the Year finalist"
c004,Adam Berkowitz,Simpara,5,benefitspro_ebn; fmma_conference; health_rosetta_directory; health_rosetta_live; linkedin_keyword_search,https://www.simparahr.com/blog/2020/5/27/from-startup-to-standout-simparas-founder-honored-as-a-broker-of-the-year-finalist | https://fmma.org/annual-conference/past-conferences/ | https://directory.healthrosetta.org/directory/adam_berkowitz | https://healthrosetta.org/rosies/denver-2023/ | https://www.linkedin.com/in/berkowitzae/,"Founder/President of Simpara; 2020 BenefitsPRO Broker of the Year finalist; modern independent EB agency focused on healthcare cost transparency | FMMA 2023 Annual Conference speaker on Waterford Union case study; founder & president of Simpara (St Louis MO); independent fee-only EB agency that explicitly refuses commissions/overrides; BenefitsPRO Broker of the Year finalist | Listed as Health Rosetta certified advisor at Simpara | Recognized advisor at multiple Rosie Awards (2023, 2024, 2025 Live events); Founder and President of Simpara, independent fiduciary EB agency in St. Louis MO | Founder/President of Health Rosetta certified EB agency; surfaced via 'health rosetta advisor founder' search"
c005,Cristy Gupton,Custom Benefits Solutions,5,fmma_conference; fmma_directory; health_rosetta_directory; health_rosetta_live; linkedin_keyword_search,https://www.custombenefits.work/speaking-engagments/2021/8/5/2021-fmma-annual-conference | https://fmma.org/membership/chapters/ | https://directory.healthrosetta.org/directory/crystal_gupton | https://healthrosetta.org/rosies/denver-2023/ | https://www.linkedin.com/in/cristygupton/,"2021 FMMA Annual Conference speaker on employer-built health plans; founder/president of Custom Benefits Solutions (NC); Global Financial Steward fiduciary credential; Health Rosetta advisor | FMMA Carolinas chapter leader and founder/president of Custom Benefits Solutions, an independent employer-focused EB advisory firm | Listed as Health Rosetta certified advisor at Custom Benefits Solutions | Recognized advisor at 2023, 2025 Rosies (Live events); Founder and President of Custom Benefits Solutions, independent fiduciary EB consulting firm in NC; 3rd-generation insurance professional, started firm in 2006 | Founder/President of independent benefits agency, Global Financial Steward designation; surfaced via fiduciary broker founder search"
c006,Kelly Fristoe,Financial Partners,5,fmma_conference; fmma_directory; health_rosetta_directory; health_rosetta_live; validation_institute,https://fmma.org/annual-conference/past-conferences/ | https://fmma.org/membership/chapters/ | https://directory.healthrosetta.org/directory/kelly_fristoe | https://healthrosetta.org/rosies/denver-2023/ | https://validationinstitute.com/certified-professionals/,"FMMA 2024 Annual Conference speaker; President/CEO of Financial Partners (Wichita Falls TX); independent EB brokerage acting as fiduciary steward of health plan dollars; NAHU board member | FMMA Wichita Falls chapter leader and president/founder of Financial Partners, an independent EB advisory firm; past NAHU/NABIP president | Listed as Health Rosetta certified advisor at Financial Partners | Recognized advisor at 2023, 2025 Rosies (Live events) for Hospice of Wichita Falls and Hoskinson Biotechnology; President/CEO of Financial Partners (Wichita Falls TX), independent EB brokerage | Certified Health Value Advisor (CHVA) and well-known independent benefits advisor/owner."
c007,Allison De Paoli,Altiqe Consulting,4,benefitspro_ebn; fmma_conference; health_rosetta_directory; self_funded_with_spencer,https://www.benefitnews.com/advisers/opinion/healthcare-benefits-enter-new-fiduciary-era | https://fmma.org/annual-conference/past-conferences/ | https://directory.healthrosetta.org/directory/allison_de_paoli | https://www.selffundedwithspencer.com/episode-34-allison-de-paoli/,"Founder of Altiqe Consulting; BenefitsPRO and EBN contributing author on PBM transparency, CAA, and fiduciary era; 2026 BenefitsPRO Advisor of the Year | FMMA 2022 Annual Conference speaker; founder of Altiqe Consulting (San Antonio TX); independent EB broker/consultant emphasizing fiduciary PBM and transparent compensation; Health Rosetta affiliated | Listed as Health Rosetta certified advisor at Altiqe | Ep 34 — founder/owner of Altiqe Consulting (San Antonio, TX), an independent EB consulting/brokerage firm helping mid-size employers redesign health plans for cost control and quality"
c008,Ben Conner,Conner Insurance,4,health_rosetta_directory; health_rosetta_live; linkedin_keyword_search; shift_shapers,https://www.shiftshapersonline.com/2045524/episodes/17802180-530-from-jungle-survival-to-business-innovation-conner-insurance | https://directory.healthrosetta.org/directory/ben_conner | https://healthrosetta.org/rosies/denver-2023/ | https://healthrosetta.org/people/benconner/,"EP 530 — third-generation CEO of Conner Insurance, an independent (non-PE) US agency with an employee benefits practice focused on supply chain/pharmacy transparency and cost containment | Listed as Health Rosetta certified advisor at Conner Insurance (eponymous family firm) | Recognized advisor at 2023 and 2024 Rosies (Live events); President and CEO of Conner Insurance (Indianapolis), independent family-owned EB brokerage; co-acquired the firm in 2015 | Owner/principal of independent EB agency, Health Rosetta certified; surfaced via 'Conner Insurance founder' search"
c009,Chelsea Ryckis,Ethos Benefits,3,benefitspro_ebn; linkedin_keyword_search; validation_institute,https://www.benefitspro.com/2024/04/02/2024-advisor-of-the-year-finalist-lindsay-clarke-youngwerth/ | https://www.linkedin.com/in/chelsea-ryckis-8508a192/ | https://validationinstitute.com/fiduciary/,Founder/President of Ethos Benefits; BenefitsPRO 2024 Advisor of the Year winner; fiduciary-driven independent EB brokerage advocating transparency | Founder/President of fee-only fiduciary EB consulting firm; surfaced via 'PBM transparency benefits broker founder' search | Co-principal of independent EB brokerage Ethos Benefits; listed on Validation Institute Fiduciary Validated directory.
c010,Kristine Scheer,K2 Strategic,3,benefitspro_ebn; health_rosetta_directory; health_rosetta_live,https://www.benefitspro.com/2026/04/02/2026-advisor-of-the-year-finalist-kristine-scheer/ | https://directory.healthrosetta.org/directory/kristine_m_scheer | https://healthrosetta.org/rosies/denver-2023/,"Founder/CEO of K2 Strategic; 2026 BenefitsPRO Advisor of the Year finalist; fiduciary-first independent boutique benefits brokerage | Listed as Health Rosetta certified advisor at K2 Strategic | Recognized advisor at 2023 Rosies (Live event) for Synthomer; Founder and CEO of K2 Strategic, 100% female-owned independent fiduciary EB consulting & brokerage firm"
c011,Nancy Giacolone,Olympic Crest Insurance,3,benefitspro_ebn; health_rosetta_directory; validation_institute,https://www.benefitspro.com/2023/06/10/2023-broker-of-the-year-nancy-giacolone/ | https://directory.healthrosetta.org/directory/nancy_giacolone | https://validationinstitute.com/certified-professionals/,Founder/President of Olympic Crest Insurance (boutique benefits agency); 2023 BenefitsPRO Broker of the Year | Listed as Health Rosetta certified advisor at Olympic Crest Insurance | Certified Health Value Advisor (CHVA); independent EB brokerage owner/principal.
c012,Donovan Ryckis,Ethos Benefits,3,linkedin_keyword_search; shift_shapers; validation_institute,https://www.youtube.com/watch?v=_MhfiDNESmk | https://ethosbenefits.flywheelsites.com/ | https://validationinstitute.com/fiduciary/,"Ep #487 ""Fiduciary Responsibility in Healthcare"" — founder/CEO of Ethos Benefits, an independent fiduciary-driven EB advisory for US employers | Co-founder of fee-based fiduciary EB agency, one of first fee-based health insurance advisors in US; surfaced via 'Ethos Benefits founder' search | Owner/principal of independent EB brokerage Ethos Benefits; listed on Validation Institute Fiduciary Validated directory."
c013,Niko Caparisos,Prosperity Benefits,3,fmma_directory; health_rosetta_directory; validation_institute,https://fmma.org/membership/chapters/ | https://directory.healthrosetta.org/directory/niko_caparisos | https://validationinstitute.com/fiduciary/,"FMMA Georgia chapter leader and principal/founder of Prosperity Benefits, an independent EB advisory firm serving small-to-mid employers | Listed as Health Rosetta certified advisor at Prosperity Benefits | Founder/principal of independent retail EB brokerage Prosperity Benefits; Validation Institute fiduciary-validated advisor."
c014,Kareim Cade,Great Lakes Benefit Group,2,benefitspro_ebn; self_funded_with_spencer,https://www.benefitspro.com/2019/03/25/2019-broker-of-the-year-finalist-kareim-cade/ | https://www.selffundedwithspencer.com/the-black-white-truth-of-benefits-leadership-kareim-cade-andy-neary/,"Founder/President of Great Lakes Benefit Group (Southfield MI); 2019 BenefitsPRO Broker of the Year finalist | 2023 ep on benefits leadership — founder/president of Great Lakes Benefit Group (Royal Oak, MI), an independent EB brokerage serving K-12, public/private, and union groups; BenefitsPRO 2019 Broker of the Year finalist"
c015,Rachel Hawkins,Angler Insurance,2,benefitspro_ebn; health_rosetta_directory,https://www.benefitspro.com/2025/04/08/2025-advisor-of-the-year-finalist-rachel-hawkins/ | https://directory.healthrosetta.org/directory/rachel_hawkins,Founder of Angler Insurance (Shelton WA); 2025 BenefitsPRO Advisor of the Year finalist; medical captive and alternative funding advocate | Listed as Health Rosetta certified advisor at Angler Insurance
c016,Alex Dampf,Oakmont Benefits Group,2,benefitspro_ebn; health_rosetta_directory,https://www.benefitspro.com/2026/03/30/2026-advisor-of-the-year-finalist-alex-dampf/ | https://directory.healthrosetta.org/directory/alex_dampf,"Founder/President of Oakmont Benefits Group (Nashville TN); 2026 BenefitsPRO Advisor of the Year finalist; built firm on transparency principles, Health Rosetta charter member | Listed as Health Rosetta certified advisor at Oakmont Benefits"
c017,Carl Schuessler Jr,Mitigate Partners,2,fmma_conference; shift_shapers,https://www.shiftshapersonline.com/2045524/episodes/18806371-ep-541-when-cfos-treat-healthcare-as-any-other-cost-with-carl-schuessler-jr | https://fmma.org/presentation-videos/,"EP 541 — co-founder and managing principal of Mitigate Partners, an independent consortium of EB consulting/brokerage firms focused on fiduciary, transparency and employer-built health plans | FMMA presenter on employer-built healthcare; Co-Founder & Managing Principal of Mitigate Partners (national alliance of 33 independent EB consulting/brokerage firms); pioneered fiduciary approach to benefits advisory"
c018,Bryan Perry,Peak Benefits,2,fmma_directory; health_rosetta_live,https://fmma.org/membership/chapters/ | https://healthrosetta.org/rosies/denver-2023/,"FMMA Colorado chapter leader/spokesperson and owner of Peak Benefits, an independent EB brokerage building transparent self-funded plans | Recognized advisor at 2023, 2025 Rosies (Live events) for Bennett School District and others; Owner of Peak Benefits (Littleton CO), independent fiduciary EB brokerage; founding member of CO chapter of Health Rosetta"
c019,Matt Bittner,The Volition Group,2,health_rosetta_directory; validation_institute,https://directory.healthrosetta.org/directory/matt_bittner | https://validationinstitute.com/fiduciary/,Listed as Health Rosetta certified advisor at The Volition Group | Founder of fee-only independent EB consultancy The Volition Group; Validation Institute fiduciary-validated advisor recognized for ERISA fiduciary standards.
c020,Jonathan Bushman,Primed Healthcare LLC,2,health_rosetta_directory; health_rosetta_live,https://directory.healthrosetta.org/directory/jonathan_bushman | https://healthrosetta.org/rosies/denver-2025/,"Listed as Health Rosetta certified advisor at Primed Healthcare LLC | Recognized advisor at 2025 Rosies (Live event) for Parrish Enterprises; Founder of Primed Healthcare LLC, physician-led independent benefits advisory firm in OK"
c021,Paul Dannegger,HR & Benefit Solutions,2,health_rosetta_directory; health_rosetta_live,https://directory.healthrosetta.org/directory/paul_dannegger | https://healthrosetta.org/rosies/dc-2024/,"Listed as Health Rosetta certified advisor at HR & Benefit Solutions | Recognized advisor at 2024 Rosies (Live event) for AB Spectrum and Jung Truck Service; Founder of HR & Benefit Solutions (Ballwin MO), independent fiduciary EB brokerage"
c022,David Johnson,Commercial Insurance Associates,2,health_rosetta_directory; linkedin_keyword_search,https://directory.healthrosetta.org/directory/david_johnson | https://www.linkedin.com/in/davidjohnsonhealthrosetta/,Listed as Health Rosetta certified advisor at Commercial Insurance Associates | Health Rosetta Certified Advisor at independent EB firm; surfaced via 'health rosetta advisor founder' search
c023,Christina King,C&A Benefits Group,2,health_rosetta_directory; health_rosetta_live,https://directory.healthrosetta.org/directory/christina_king | https://healthrosetta.org/rosies/dc-2024/,"Listed as Health Rosetta certified advisor at C&A Benefits Group | Recognized advisor at 2024 Rosies (Live event) for Children's Hunger Alliance, City of Bellefontaine; Owner/Founder of C&A Benefits Group (Dublin OH), independent fiduciary EB consulting firm she founded in 2009"
c024,Cara Kirsch,The Kirsch Group,2,health_rosetta_directory; self_funded_with_spencer,https://directory.healthrosetta.org/directory/cara_kirsch | https://www.selffundedwithspencer.com/the-secret-to-a-perfect-broker-partner-relationship/,"Listed as Health Rosetta certified advisor at The Kirsch Group (eponymous firm) | Ep ""The Secret to a Perfect Broker-Partner Relationship"" (Nov 2025) — CEO and founder of The Kirsch Group (Omaha, NE), an independent employee benefits brokerage with 30 years of industry experience"
c025,Michael Lank,The Lank Group,2,health_rosetta_directory; health_rosetta_live,https://directory.healthrosetta.org/directory/michael_lank | https://healthrosetta.org/rosies/dc-2024/,"Listed as Health Rosetta certified advisor at The Lank Group (eponymous firm) | Recognized advisor at 2024, 2025 Rosies (Live events) for CAPE Environmental Management; Founder and President of The Lank Group (Kennesaw GA), independent fiduciary EB brokerage"
c026,Drew Leatherberry,Avergent,2,health_rosetta_directory; health_rosetta_live,https://directory.healthrosetta.org/directory/drew_leatherberry | https://healthrosetta.org/rosies/denver-2023/,"Listed as Health Rosetta certified advisor at Avergent | Recognized advisor at multiple Rosie Awards (2023 Live event, 2024 DC event) for multiple WI employers; Founder and President of Avergent, independent fiduciary EB advisory firm in Wisconsin"
c027,Griffin Meredith,Commonwealth Insurance Partners,2,health_rosetta_directory; health_rosetta_live,https://directory.healthrosetta.org/directory/griffin_meredith | https://healthrosetta.org/rosies/denver-2023/,"Listed as Health Rosetta certified advisor at Commonwealth Insurance Partners | Recognized advisor at 2023, 2024 Rosies (Live events) for Lincoln National Bank and JD Bank; Founder/President of Commonwealth Insurance Partners, independent KY-based EB brokerage he grew to $40M+ in annual premiums"
c028,Diana Miller,Conner Insurance,2,health_rosetta_directory; linkedin_keyword_search,https://directory.healthrosetta.org/directory/diana_miller | https://www.linkedin.com/in/dianapena09/,Listed as Health Rosetta certified advisor at Conner Insurance | Health Rosetta Advisor at independent EB firm; surfaced via 'health rosetta advisor' search
c029,Brian Reilly,Centric Benefits Consulting,2,health_rosetta_directory; linkedin_keyword_search,https://directory.healthrosetta.org/directory/brian_reilly | https://www.centricbenefits.com/profile/brian_reilly,Listed as Health Rosetta certified advisor at Centric Benefits Consulting | Independent benefits consultant at Centric Benefits Consulting; surfaced via 'benefits broker founder fiduciary' search
c030,Michael Smith,Butler Benefits & Consulting,2,health_rosetta_directory; linkedin_keyword_search,https://directory.healthrosetta.org/directory/michael_smith | https://www.linkedin.com/in/michael-g-smith-mha-health-rosetta-advisor-2811576/,Listed as Health Rosetta certified advisor at Butler Benefits & Consulting | Health Rosetta Advisor at independent EB firm; surfaced via 'health rosetta advisor founder' search
c031,Jason Swindle,TIG Advisors,2,health_rosetta_directory; linkedin_keyword_search,https://directory.healthrosetta.org/directory/jason_swindle | https://www.linkedin.com/in/jasonswindle707/,"Listed as Health Rosetta certified advisor at TIG Advisors | CEO/owner of independent EB agency, Health Rosetta Advisor; surfaced via 'health rosetta advisor founder' search"
c032,Carl C. Schuessler Jr.,Mitigate Partners,2,health_rosetta_live; linkedin_keyword_search,https://healthrosetta.org/rosies/denver-2023/ | https://www.linkedin.com/in/ccsjr1/,"Recognized advisor at 2023 Rosies (Live event); Co-Founder and Managing Principal of Mitigate Partners, an independent partnership of 29 fiduciary EB consulting firms; founding Health Rosetta Charter Certified Advisor | Founder/Managing Principal of fiduciary EB consulting firm; surfaced via 'Mitigate Partners founder employee benefits fiduciary' search"
c033,Louis Bernardi,BritePath (Group Planners Inc),2,health_rosetta_live; linkedin_keyword_search,https://healthrosetta.org/rosies/denver-2023/ | https://www.linkedin.com/in/lougpi2/,"Recognized advisor at 2023 Rosies (Live event) for Oradell Animal Hospital; Co-Founder and Benefit Optimization Officer of BritePath (Woodbury NY), independent EB brokerage; host of Benefits with Friends podcast | CEO/Founder, Health Rosetta Advisor; surfaced via 'BritePath founder benefits broker fiduciary' search"
c034,Donovan Pyle,Health Compass Consulting,2,linkedin_keyword_search; validation_institute,https://healthcompassconsulting.com/ | https://validationinstitute.com/fiduciary/,Founder of fiduciary fee-based EB consulting firm; surfaced via 'fee-based employee benefits advisor fiduciary broker' search | Founder/CEO of independent fiduciary EB consultancy Health Compass Consulting; Validation Institute fiduciary-validated and 2025 Benefits Advisor of the Year.
c035,Eric Silverman,Voluntary Disruption / Silverman Benefits Group,2,linkedin_keyword_search; self_funded_with_spencer,https://www.linkedin.com/in/silvermaneric/ | https://www.selffundedwithspencer.com/enhanced-benefits-and-communication-eric-silverman-voluntary-disruption/,"Founder/owner of boutique EB consulting firm; surfaced via 'independent benefits advisor founder disruption' search | Ep ""Enhanced Benefits and Communication"" (July 2023) — founder/owner of Baltimore-based Silverman Benefits Group (SBG) / Voluntary Disruption, an independent carrier-neutral benefits boutique; 2017 EBA Voluntary Adviser of the Year"
c036,Chris Wolpert,Group Benefit Solutions,1,benefitspro_ebn,https://www.benefitspro.com/2024/04/03/2024-advisor-of-the-year-finalist-chris-wolpert/,Founder/owner of Group Benefit Solutions (Tacoma WA); 2024 BenefitsPRO Advisor of the Year finalist; advocates broker transparency and aligned-incentive healthcare
c037,Lindsay Clarke Youngwerth,Keenly,1,benefitspro_ebn,https://www.benefitspro.com/2024/04/02/2024-advisor-of-the-year-finalist-lindsay-clarke-youngwerth/,Founder of Keenly (Boise ID); 2024 BenefitsPRO Advisor of the Year finalist; advocate for healthcare transparency
c038,Susan L. Combs,Combs & Company,1,benefitspro_ebn,https://www.benefitspro.com/2017/04/12/meet-this-years-broker-of-the-year-susan-l-combs/,Founder/President of Combs & Company (NYC independent brokerage); BenefitsPRO Broker of the Year
c039,Kim Eckelbarger,Tropical Benefits,1,benefitspro_ebn,https://www.benefitspro.com/2022/04/19/2022-broker-of-the-year-finalist-kim-eckelbarger/,Founder/President of Tropical Benefits (Tampa FL); 2022 BenefitsPRO Broker of the Year finalist; NextGen Benefits Adviser of the Year 2019
c040,Al Schiebel,ShopBenefits,1,benefitspro_ebn,https://www.benefitspro.com/2026/04/03/2026-advisor-of-the-year-finalist-al-schiebel/,Owner/CEO of ShopBenefits (Atlanta GA); 2026 BenefitsPRO Advisor of the Year finalist
c041,Nelson Griswold,NextGen Benefits Mastermind Partnership,1,benefitspro_ebn,https://www.benefitnews.com/advisers/opinion/what-compensation-disclosure-means-for-benefit-advisers,Founder of NextGen Benefits Mastermind Partnership and ASCEND Summit; EBN opinion author 'What compensation disclosure means for benefit advisers' advocating broker compensation transparency
c042,David Contorno,ePower Benefits,1,shift_shapers,https://www.shiftshapersonline.com/2045524/episodes/17232879-514-health-plan-design-smart-solutions-shifting-structures-with-david-contorno-part-1,"#514 — president and founder of ePowerBenefits, independent benefits advisory firm focused on reference-based pricing, direct contracting and self-funded plan design"
c043,Eric Silverman,Silverman Benefits Group / Voluntary Disruption,1,shift_shapers,https://www.shiftshapersonline.com/2045524/episodes/18132957-ep-537-enhanced-benefits-evolution-with-eric-silverman-voluntary-disruption,"EP 537 — founder/owner of Silverman Benefits Group (dba Voluntary Disruption), independent US voluntary/enhanced benefits advisory firm; 4-time ShiftShapers guest"
c044,Tom DiLiegro,Benefit Advisors of Charleston,1,fmma_conference,https://shophealth.fmma.org/members/1021,FMMA Charleston chapter co-leader and speaker; principal owner of Benefit Advisors of Charleston (SC); independent EB brokerage; Health Rosetta advisor; BenefitsPRO Broker of the Year finalist
c045,Rich Hess,The Plexus Groupe,1,fmma_conference,https://fmma.org/annual-conference/past-conferences/,"FMMA 2025 Annual Conference speaker; Vice President at The Plexus Groupe (independent, founder-owned brokerage based in OKC/Chicago specializing in EB consulting)"
c046,Nelson Griswold,NextGen Benefits,1,siia_conference,https://s6.goeshow.com/siia/sforum/2023/documents/Nelson_Griswold.pdf,"SIIA Spring Forum 2023 speaker (Managing Director NextGen Benefits per SIIA-hosted speaker PDF); Founder & Chairman of NextGen Benefits Network, a national alliance of independent fiduciary EB advisory firms"
c047,Christine Cooper,aequum LLC,1,siia_conference,https://siiaconferences.org/nationalconference/2025/Sessions.cfm,SIIA Innov8 National Conference 2025 speaker on 'Lawsuits Alleging Fiduciary Breaches'; CEO & co-founder of aequum LLC; co-chair of SIIA Price Transparency Committee; independent fiduciary-focused advisory firm
c048,Chris Burns,CRB Consulting Group,1,siia_conference,https://www.siia.org/i4a/pages/index.cfm?pageID=7992,SIIA 2026 International Conference speaker; President of CRB Consulting Group (independent EB consulting firm); 40+ years brokerage experience
c049,Jaqueline Oliveira-Cella,WellBe Consulting,1,siia_conference,https://www.siia.org/i4a/pages/index.cfm?pageID=7992,SIIA 2026 International Conference speaker; Founder of WellBe Consulting (independent benefits/wellbeing consulting firm)
c050,Chris Deacon,VerSan Consulting,1,fmma_conference,https://fmma.org/annual-conference/past-conferences/,FMMA 2024 Annual Conference speaker; Founder/Principal of VerSan Consulting LLC; ERISA-fiduciary focused independent EB consulting firm; congressional witness on employer fiduciary duty
c051,Thomas DiLiegro,Benefit Advisors of Charleston,1,fmma_directory,https://fmma.org/membership/chapters/,"FMMA Charleston chapter leader and principal owner of Benefit Advisors of Charleston, an independent EB brokerage focused on transparent self-funded plans"
c052,Tom Yakopin,West Penn Life & Health,1,fmma_directory,https://fmma.org/membership/chapters/,"FMMA Pennsylvania chapter leader and owner/managing general agent of West Penn Life & Health, an independent health and EB agency"
c053,Kalli Ortega,MelEos Group,1,fmma_directory,https://fmma.org/membership/chapters/,"FMMA Illinois chapter leader and founder/CEO of MelEos Group, an independent health benefits advisory public benefit corporation"
c054,Stephen Daniel,Mitigate Partners,1,fmma_directory,https://fmma.org/membership/chapters/,FMMA Las Vegas chapter co-leader and Partner at Mitigate Partners (national alliance of independent EB advisors); also at Insurance Office of America EB team
c055,Liz Antaya,Evergreen Benefits Group,1,health_rosetta_directory,https://directory.healthrosetta.org/directory/liz_antaya,Listed as Health Rosetta certified advisor at Evergreen Benefits Group
c056,Heidi Aubertin,Lacher & Associates,1,health_rosetta_directory,https://directory.healthrosetta.org/directory/heidi_aubertin,Listed as Health Rosetta certified advisor at Lacher & Associates
c057,Nikki Baker,Diversified Insurance Industries,1,health_rosetta_directory,https://directory.healthrosetta.org/directory/nicole_baker,Listed as Health Rosetta certified advisor at Diversified Insurance Industries
c058,Kurstin Bartholomew,Gibson,1,health_rosetta_directory,https://directory.healthrosetta.org/directory/kirsten_bartholomew,Listed as Health Rosetta certified advisor at Gibson
c059,Benjie Bates,Bates Hewett & Floyd,1,health_rosetta_directory,https://directory.healthrosetta.org/directory/benjie_bates,Listed as Health Rosetta certified advisor at Bates Hewett & Floyd
c060,Jake Bean,North Star Benefits LLC,1,health_rosetta_directory,https://directory.healthrosetta.org/directory/jacob_bean,Listed as Health Rosetta certified advisor at North Star Benefits LLC
c061,Michael Bechtol,Bravo Health Partners,1,health_rosetta_directory,https://directory.healthrosetta.org/directory/michael_bechtol,Listed as Health Rosetta certified advisor at Bravo Health Partners
c062,Will Belletto,"WaFd Insurance Group, Inc.",1,health_rosetta_directory,https://directory.healthrosetta.org/directory/will_belletto,"Listed as Health Rosetta certified advisor at WaFd Insurance Group, Inc."
c063,Brittney Bello,"Verus Insurance Services, LLC",1,health_rosetta_directory,https://directory.healthrosetta.org/directory/brittney_bello,"Listed as Health Rosetta certified advisor at Verus Insurance Services, LLC"
c064,Brian Bellware,Gibson,1,health_rosetta_directory,https://directory.healthrosetta.org/directory/brian_bellware,Listed as Health Rosetta certified advisor at Gibson
c065,Christian Bergstrom,W3 Insurance,1,health_rosetta_directory,https://directory.healthrosetta.org/directory/christian_bergstrom,Listed as Health Rosetta certified advisor at W3 Insurance
c066,Louis Bernardi,Group Planners Insurance Solutions DBA BritePath,1,health_rosetta_directory,https://directory.healthrosetta.org/directory/louis_bernardi,Listed as Health Rosetta certified advisor at BritePath (Group Planners Insurance Solutions)
c067,Joey Bickley,Bickley Insurance,1,health_rosetta_directory,https://directory.healthrosetta.org/directory/joey_bickley,Listed as Health Rosetta certified advisor at Bickley Insurance (apparent eponymous owner)
c068,Ben Bohonowicz,"Riggs, Counselman, Michaels & Downes, Inc.",1,health_rosetta_directory,https://directory.healthrosetta.org/directory/ben_bohonowicz,"Listed as Health Rosetta certified advisor at Riggs, Counselman, Michaels & Downes"
c069,Jerry Bonenberger,Clear Consulting Group,1,health_rosetta_directory,https://directory.healthrosetta.org/directory/jerry_bonenberger,Listed as Health Rosetta certified advisor at Clear Consulting Group
c070,Tanya Boyd,Tanya Boyd & Associates,1,health_rosetta_directory,https://directory.healthrosetta.org/directory/tanya_boyd,Listed as Health Rosetta certified advisor at Tanya Boyd & Associates (eponymous firm)
c071,Victoria Braden,Braden Benefits,1,health_rosetta_directory,https://directory.healthrosetta.org/directory/victoria_braden,Listed as Health Rosetta certified advisor at Braden Benefits (eponymous firm)
c072,John Bradley,Southern Benefit Systems,1,health_rosetta_directory,https://directory.healthrosetta.org/directory/john_bradley,Listed as Health Rosetta certified advisor at Southern Benefit Systems
c073,Rhett Bray,BeaconPath,1,health_rosetta_directory,https://directory.healthrosetta.org/directory/rhett_bray,Listed as Health Rosetta certified advisor at BeaconPath
c074,Molly Breitenbach,Candid Health Advisors,1,health_rosetta_directory,https://directory.healthrosetta.org/directory/molly_breitenbach_2,Listed as Health Rosetta certified advisor at Candid Health Advisors
c075,Dawn Brinson,Brinson Benefits,1,health_rosetta_directory,https://directory.healthrosetta.org/directory/dawn_brinson,Listed as Health Rosetta certified advisor at Brinson Benefits (eponymous firm)
c076,Will Brown,Solutionpoint Consulting LLC dba The Benefits Group,1,health_rosetta_directory,https://directory.healthrosetta.org/directory/william_brown,Listed as Health Rosetta certified advisor at The Benefits Group (Solutionpoint Consulting)
c077,Blake Campos,Avante Benefits,1,health_rosetta_directory,https://directory.healthrosetta.org/directory/blake_campos,Listed as Health Rosetta certified advisor at Avante Benefits
c078,Armando Castro,SullivanCurtisMonroe,1,health_rosetta_directory,https://directory.healthrosetta.org/directory/armando__castro,Listed as Health Rosetta certified advisor at SullivanCurtisMonroe
c079,Jon Chaney,Benefits Inc.,1,health_rosetta_directory,https://directory.healthrosetta.org/directory/jon_chaney,Listed as Health Rosetta certified advisor at Benefits Inc.
c080,Steve Clark,Ohio Health Benefits,1,health_rosetta_directory,https://directory.healthrosetta.org/directory/steven_clark,Listed as Health Rosetta certified advisor at Ohio Health Benefits
c081,Matthew Cole,Michigan Planners,1,health_rosetta_directory,https://directory.healthrosetta.org/directory/matthew_cole,Listed as Health Rosetta certified advisor at Michigan Planners
c082,Chris Connell,Your Life Agency,1,health_rosetta_directory,https://directory.healthrosetta.org/directory/christopher_connell,Listed as Health Rosetta certified advisor at Your Life Agency
c083,David Cook,Financial Partners,1,health_rosetta_directory,https://directory.healthrosetta.org/directory/david_cook_2,Listed as Health Rosetta certified advisor at Financial Partners
c084,Ryan Cox,Sure Life Insurance,1,health_rosetta_directory,https://directory.healthrosetta.org/directory/ryan_cox,Listed as Health Rosetta certified advisor at Sure Life Insurance
c085,Stephen Daniel,Insurance Office of America (IOAUSA),1,health_rosetta_directory,https://directory.healthrosetta.org/directory/stephen_daniel,Listed as Health Rosetta certified advisor at Insurance Office of America
c086,Jonathan Davis,"Foundation Benefits, LLC",1,health_rosetta_directory,https://directory.healthrosetta.org/directory/jonathan_davis,"Listed as Health Rosetta certified advisor at Foundation Benefits, LLC"
c087,Joe Deacon III,Deacon & Deacon Insurance & Benefits Consulting,1,health_rosetta_directory,https://directory.healthrosetta.org/directory/joseph_deacon_iii,Listed as Health Rosetta certified advisor at Deacon & Deacon (eponymous family firm)
c088,Tom DiLiegro,"Vero Advising, LLC",1,health_rosetta_directory,https://directory.healthrosetta.org/directory/thomas_diliegro,"Listed as Health Rosetta certified advisor at Vero Advising, LLC"
c089,Tim Doherty,Pinnacle HR Solutions,1,health_rosetta_directory,https://directory.healthrosetta.org/directory/tim_doherty,Listed as Health Rosetta certified advisor at Pinnacle HR Solutions
c090,Tom Dorywalski,Taylor Insurance Services,1,health_rosetta_directory,https://directory.healthrosetta.org/directory/thomas_dorywalski,Listed as Health Rosetta certified advisor at Taylor Insurance Services
c091,Angie Drake,Benefits Inc.,1,health_rosetta_directory,https://directory.healthrosetta.org/directory/angie_drake,Listed as Health Rosetta certified advisor at Benefits Inc.
c092,Eric Dreyfus,Sympl Benefits,1,health_rosetta_directory,https://directory.healthrosetta.org/directory/eric_dreyfus,Listed as Health Rosetta certified advisor at Sympl Benefits
c093,Shannon Dyson,Shoemaker Insurance Solutions,1,health_rosetta_directory,https://directory.healthrosetta.org/directory/michael_(shannon)_dyson,Listed as Health Rosetta certified advisor at Shoemaker Insurance Solutions
c094,Jeff Evans,"UR Risk, LLC",1,health_rosetta_directory,https://directory.healthrosetta.org/directory/jeffrey_evans,"Listed as Health Rosetta certified advisor at UR Risk, LLC"
c095,MaryCarol Evans,SolV Independent Insurance Associates,1,health_rosetta_directory,https://directory.healthrosetta.org/directory/marycarol_evans,Listed as Health Rosetta certified advisor at SolV Independent Insurance Associates
c096,Mindy Farnsley,Preferred Benefit Administrators,1,health_rosetta_directory,https://directory.healthrosetta.org/directory/mindy_farnsley,Listed as Health Rosetta certified advisor at Preferred Benefit Administrators
c097,Jennii Fielding,Alpine Peak Benefits,1,health_rosetta_directory,https://directory.healthrosetta.org/directory/jen_fielding,Listed as Health Rosetta certified advisor at Alpine Peak Benefits
c098,Robin Flaherty,Benefit Link,1,health_rosetta_directory,https://directory.healthrosetta.org/directory/robin_flaherty,Listed as Health Rosetta certified advisor at Benefit Link
c099,Tony Goebel,5G Benefits,1,health_rosetta_directory,https://directory.healthrosetta.org/directory/tony_goebel,Listed as Health Rosetta certified advisor at 5G Benefits
c100,Gary Goodhile,Edge Benefit Partners,1,health_rosetta_directory,https://directory.healthrosetta.org/directory/gary_goodhile,Listed as Health Rosetta certified advisor at Edge Benefit Partners
c101,Carolyn Grant,RosenSure,1,health_rosetta_directory,https://directory.healthrosetta.org/directory/carolyn_grant,Listed as Health Rosetta certified advisor at RosenSure
c102,Spencer Gravenkamp,Commonwealth Insurance Partners,1,health_rosetta_directory,https://directory.healthrosetta.org/directory/spencer_gravenkamp,Listed as Health Rosetta certified advisor at Commonwealth Insurance Partners
c103,Colin Green,Shoemaker Insurance Solutions,1,health_rosetta_directory,https://directory.healthrosetta.org/directory/colin_green,Listed as Health Rosetta certified advisor at Shoemaker Insurance Solutions
c104,Ash Hachmeister,beni.fit,1,health_rosetta_directory,https://directory.healthrosetta.org/directory/ash_hachmeister,Listed as Health Rosetta certified advisor at beni.fit
c105,Joey Hall,Remedy Advisors,1,health_rosetta_directory,https://directory.healthrosetta.org/directory/joseph_hall,Listed as Health Rosetta certified advisor at Remedy Advisors
c106,Christa Hallett,Pinnacle HR Solutions,1,health_rosetta_directory,https://directory.healthrosetta.org/directory/christa_hallett,Listed as Health Rosetta certified advisor at Pinnacle HR Solutions
c107,Ricki Hancart,Conner Insurance,1,health_rosetta_directory,https://directory.healthrosetta.org/directory/ricki_hancart,Listed as Health Rosetta certified advisor at Conner Insurance
c108,Michael Hand,BXLA,1,health_rosetta_directory,https://directory.healthrosetta.org/directory/michael_hand,Listed as Health Rosetta certified advisor at BXLA
c109,Paul Hardin,"Moulton & Hardin, Inc.",1,health_rosetta_directory,https://directory.healthrosetta.org/directory/paul_hardin,"Listed as Health Rosetta certified advisor at Moulton & Hardin, Inc. (eponymous firm)"
c110,Jentry Harris,The Mahoney Group,1,health_rosetta_directory,https://directory.healthrosetta.org/directory/jentry_harris,Listed as Health Rosetta certified advisor at The Mahoney Group
c111,Christina Heckathorn,Employee Benefit Associates,1,health_rosetta_directory,https://directory.healthrosetta.org/directory/christina_heckathorn,Listed as Health Rosetta certified advisor at Employee Benefit Associates
c112,Myron Hobbs,"Myron K. Hobbs and Company, LLC.",1,health_rosetta_directory,https://directory.healthrosetta.org/directory/myron_hobbs,Listed as Health Rosetta certified advisor at Myron K. Hobbs and Company (eponymous firm)
c113,Greg Hofmann,Advantage Benefits Group,1,health_rosetta_directory,https://directory.healthrosetta.org/directory/greg_hofmann,Listed as Health Rosetta certified advisor at Advantage Benefits Group
c114,Mark Holland,CoVerica,1,health_rosetta_directory,https://directory.healthrosetta.org/directory/mark_holland,Listed as Health Rosetta certified advisor at CoVerica
c115,Tammera Hollerich,IBT Consulting,1,health_rosetta_directory,https://directory.healthrosetta.org/directory/tammera_hollerich,Listed as Health Rosetta certified advisor at IBT Consulting
c116,Nate Houghton,Medela Advisory Group,1,health_rosetta_directory,https://directory.healthrosetta.org/directory/nathan_houghton_2,Listed as Health Rosetta certified advisor at Medela Advisory Group
c117,Corry Hull,BHC Insurance,1,health_rosetta_directory,https://directory.healthrosetta.org/directory/corry_hull,Listed as Health Rosetta certified advisor at BHC Insurance
c118,Greg Humkey,Employee Benefit Associates,1,health_rosetta_directory,https://directory.healthrosetta.org/directory/greg_humkey,Listed as Health Rosetta certified advisor at Employee Benefit Associates
c119,Josh Hyman,Southern Benefit Systems,1,health_rosetta_directory,https://directory.healthrosetta.org/directory/josh_hyman,Listed as Health Rosetta certified advisor at Southern Benefit Systems
c120,Chad Jackovich,Pure Benefits of Michigan,1,health_rosetta_directory,https://directory.healthrosetta.org/directory/chad_jackovich,Listed as Health Rosetta certified advisor at Pure Benefits of Michigan
c121,Brian Kauffman,IEN Risk Management,1,health_rosetta_directory,https://directory.healthrosetta.org/directory/brian_kauffman,Listed as Health Rosetta certified advisor at IEN Risk Management
c122,Barbara Kelly,InsureOne Insurance Services,1,health_rosetta_directory,https://directory.healthrosetta.org/directory/barbara_kelly,Listed as Health Rosetta certified advisor at InsureOne Insurance Services
c123,Ray Kober,Benefixa,1,health_rosetta_directory,https://directory.healthrosetta.org/directory/ray_kober,Listed as Health Rosetta certified advisor at Benefixa
c124,Ray Korson,Gibson,1,health_rosetta_directory,https://directory.healthrosetta.org/directory/ray_korson,Listed as Health Rosetta certified advisor at Gibson
c125,Corey Koskie,Elevate Advisor Group,1,health_rosetta_directory,https://directory.healthrosetta.org/directory/corey_koskie,Listed as Health Rosetta certified advisor at Elevate Advisor Group
c126,Tom Laster,Merit Benefits SW,1,health_rosetta_directory,https://directory.healthrosetta.org/directory/thomas_laster,Listed as Health Rosetta certified advisor at Merit Benefits SW
c127,Mitch Laughton,The Laughton Company,1,health_rosetta_directory,https://directory.healthrosetta.org/directory/mitch_laughton,Listed as Health Rosetta certified advisor at The Laughton Company (eponymous firm)
c128,Heather LaValle-Tumbleson,Athena Resource,1,health_rosetta_directory,https://directory.healthrosetta.org/directory/heather_lavalle-tumbleson,Listed as Health Rosetta certified advisor at Athena Resource
c129,Austin Layne,beni.fit,1,health_rosetta_directory,https://directory.healthrosetta.org/directory/charles_layne,Listed as Health Rosetta certified advisor at beni.fit
c130,Nick Lease,Next Gen Benefits Solutions,1,health_rosetta_directory,https://directory.healthrosetta.org/directory/nick_lease,Listed as Health Rosetta certified advisor at Next Gen Benefits Solutions
c131,Ed Lee,ELT Insurance Services,1,health_rosetta_directory,https://directory.healthrosetta.org/directory/ed_lee,Listed as Health Rosetta certified advisor at ELT Insurance Services
c132,Taylor Lindsey,Employee Benefit Consultants,1,health_rosetta_directory,https://directory.healthrosetta.org/directory/taylor_lindsey,Listed as Health Rosetta certified advisor at Employee Benefit Consultants
c133,Laurie MacDonald,MacDonald Consultants,1,health_rosetta_directory,https://directory.healthrosetta.org/directory/laurie__macdonald,Listed as Health Rosetta certified advisor at MacDonald Consultants (eponymous firm)
c134,Aaron Marinelli,Magis Advisory Group,1,health_rosetta_directory,https://directory.healthrosetta.org/directory/aaron_marinelli,Listed as Health Rosetta certified advisor at Magis Advisory Group
c135,Vince Marinelli,Haverton Consulting,1,health_rosetta_directory,https://directory.healthrosetta.org/directory/vincent_marinelli,Listed as Health Rosetta certified advisor at Haverton Consulting
c136,Joe May,"Gilroy, Kernan and Gilroy",1,health_rosetta_directory,https://directory.healthrosetta.org/directory/joe_may,"Listed as Health Rosetta certified advisor at Gilroy, Kernan and Gilroy"
c137,Tony McCormack,CAI Insurance Agency,1,health_rosetta_directory,https://directory.healthrosetta.org/directory/anthony_mccormack,Listed as Health Rosetta certified advisor at CAI Insurance Agency
c138,Keith McNeil,Arrow Benefits Group,1,health_rosetta_directory,https://directory.healthrosetta.org/directory/keith_mcneil,Listed as Health Rosetta certified advisor at Arrow Benefits Group
c139,Rachel Means,Employee Benefits Consulting (EBC),1,health_rosetta_directory,https://directory.healthrosetta.org/directory/rachel_means,Listed as Health Rosetta certified advisor at Employee Benefits Consulting (EBC)
c140,Brandon Mills,SIA Group (Solution),1,health_rosetta_directory,https://directory.healthrosetta.org/directory/brandon_mills,Listed as Health Rosetta certified advisor at SIA Group
c141,Jared Mongold,Insurance Office of America (IOAUSA),1,health_rosetta_directory,https://directory.healthrosetta.org/directory/jared_mongold,Listed as Health Rosetta certified advisor at Insurance Office of America
c142,Brian Orsinger,McConkey Insurance & Benefits,1,health_rosetta_directory,https://directory.healthrosetta.org/directory/brian_orsinger,Listed as Health Rosetta certified advisor at McConkey Insurance & Benefits
c143,Mike Otis,Palomar,1,health_rosetta_directory,https://directory.healthrosetta.org/directory/mike_otis,Listed as Health Rosetta certified advisor at Palomar
c144,Jennifer Pender,Oakbridge Insurance,1,health_rosetta_directory,https://directory.healthrosetta.org/directory/jennifer_pender,Listed as Health Rosetta certified advisor at Oakbridge Insurance
c145,Bryan Perry,Five|50 Advisory,1,health_rosetta_directory,https://directory.healthrosetta.org/directory/bryan_perry,Listed as Health Rosetta certified advisor at Five|50 Advisory
c146,Rhett Robbins,Butler Benefit Group,1,health_rosetta_directory,https://directory.healthrosetta.org/directory/rhett_robbins,Listed as Health Rosetta certified advisor at Butler Benefit Group
c147,Andrew Roberts,AMR Benefits Management,1,health_rosetta_directory,https://directory.healthrosetta.org/directory/andrew_roberts,Listed as Health Rosetta certified advisor at AMR Benefits Management
c148,Kevin Schlotman,(Not specified),1,health_rosetta_directory,https://directory.healthrosetta.org/directory/kevin_schlotman,Listed as Health Rosetta certified advisor (firm not specified in directory)
c149,Randy Schroeder,The VantagePoint Group,1,health_rosetta_directory,https://directory.healthrosetta.org/directory/randall_schroeder,Listed as Health Rosetta certified advisor at The VantagePoint Group
c150,Pete Scruggs,Golsan Scruggs,1,health_rosetta_directory,https://directory.healthrosetta.org/directory/pete_scruggs,Listed as Health Rosetta certified advisor at Golsan Scruggs (eponymous firm)
c151,Clint Spaeth,"Integrity Lifestyle Benefits, LLC",1,health_rosetta_directory,https://directory.healthrosetta.org/directory/clint_spaeth,"Listed as Health Rosetta certified advisor at Integrity Lifestyle Benefits, LLC"
c152,Ryan Spencer,Conner Insurance,1,health_rosetta_directory,https://directory.healthrosetta.org/directory/ryan__spencer_2,Listed as Health Rosetta certified advisor at Conner Insurance
c153,Scott Sterling,"Big Oak Benefit Advisors, LLC",1,health_rosetta_directory,https://directory.healthrosetta.org/directory/scott_sterling,"Listed as Health Rosetta certified advisor at Big Oak Benefit Advisors, LLC"
c154,Frank Stichter,IEN Risk Management,1,health_rosetta_directory,https://directory.healthrosetta.org/directory/frank_stichter,Listed as Health Rosetta certified advisor at IEN Risk Management
c155,Chris Szem,"Benecept Consultants, Inc.",1,health_rosetta_directory,https://directory.healthrosetta.org/directory/christopher_szem,"Listed as Health Rosetta certified advisor at Benecept Consultants, Inc."
c156,Justin Thomas,Honey Benefits,1,health_rosetta_directory,https://directory.healthrosetta.org/directory/justin_thomas,Listed as Health Rosetta certified advisor at Honey Benefits
c157,Jim Tune,Health Cooperative of Missouri,1,health_rosetta_directory,https://directory.healthrosetta.org/directory/jim_tune,Listed as Health Rosetta certified advisor at Health Cooperative of Missouri
c158,Christy Vago,Vago Insurance Agency,1,health_rosetta_directory,https://directory.healthrosetta.org/directory/christine_vago,Listed as Health Rosetta certified advisor at Vago Insurance Agency (eponymous firm)
c159,Guy Vahle,Conner Insurance,1,health_rosetta_directory,https://directory.healthrosetta.org/directory/guy_vahle,Listed as Health Rosetta certified advisor at Conner Insurance
c160,Doug Vandenberg,"Vieve Group, LLC",1,health_rosetta_directory,https://directory.healthrosetta.org/directory/doug_vandenberg,"Listed as Health Rosetta certified advisor at Vieve Group, LLC"
c161,Patrick Van Pelt,"The Mid-Continent Companies, Ltd",1,health_rosetta_directory,https://directory.healthrosetta.org/directory/patrick_van_pelt,"Listed as Health Rosetta certified advisor at The Mid-Continent Companies, Ltd"
c162,Erik Walter,BCF Group,1,health_rosetta_directory,https://directory.healthrosetta.org/directory/erik_walter,Listed as Health Rosetta certified advisor at BCF Group
c163,Alan Wang,UBF,1,health_rosetta_directory,https://directory.healthrosetta.org/directory/alan_wang,Listed as Health Rosetta certified advisor at UBF
c164,Carol Welch,"Stumm Insurance, LLC",1,health_rosetta_directory,https://directory.healthrosetta.org/directory/carol_welch,"Listed as Health Rosetta certified advisor at Stumm Insurance, LLC"
c165,John Woods,Insurance Navigators,1,health_rosetta_directory,https://directory.healthrosetta.org/directory/john_woods,Listed as Health Rosetta certified advisor at Insurance Navigators
c166,John Woodworth,LD&B Insurance and Financial Services,1,health_rosetta_directory,https://directory.healthrosetta.org/directory/john_woodworth,Listed as Health Rosetta certified advisor at LD&B Insurance and Financial Services
c167,Adam Zebian,Helix Insurance Advisors,1,health_rosetta_directory,https://directory.healthrosetta.org/directory/adam_zebian,Listed as Health Rosetta certified advisor at Helix Insurance Advisors
c168,Eliezer Zupnick,Zupnick Associates Insurance Services,1,health_rosetta_directory,https://directory.healthrosetta.org/directory/eliezer__zupnick,Listed as Health Rosetta certified advisor at Zupnick Associates Insurance Services (eponymous firm)
c169,Jonathan Coddington,LD&B Insurance and Financial Services,1,health_rosetta_live,https://healthrosetta.org/rosies/denver-2023/,"Recognized advisor at 2023 Rosies (Live event) for multiple Virginia employers including Dynamic Aviation and InterChange Group; Client Advisor at LD&B, an independent VA-based EB advisory firm"
c170,Mike Andrade,Maverick Benefit Advisors,1,health_rosetta_live,https://healthrosetta.org/rosies/denver-2023/,Recognized advisor at 2023 Rosies (Live event) for Dupre Logistics; independent benefits advisor at Maverick Benefit Advisors; founder/host of Solving Healthcare podcast
c171,Thomas Laster,Merit Benefits Southwest,1,health_rosetta_live,https://healthrosetta.org/rosies/denver-2025/,"Recognized advisor at 2025 Rosies (Live event) for Basin Engineering; President of Merit Benefits Southwest LLC, independent fiduciary EB brokerage; 43-year veteran in EB"
c172,Justin Thomas,Bull Benefits,1,health_rosetta_live,https://healthrosetta.org/rosies/dc-2024/,"Recognized advisor at 2024, 2025 Rosies (Live events) for Weaver Street Market; President of Bull Benefits, independent EB consulting firm in NC focused on self-insured employers"
c173,John Bradley,Southern Benefit Systems / K2 Advisors Group,1,health_rosetta_live,https://healthrosetta.org/rosies/dc-2024/,Recognized advisor at 2024 Rosies (Live event) for Lincoln Energy Solutions and Stevens Towing; Founded Southern Benefit Systems in 2010 (SC) and K2 Advisors Group; CEO and Health Rosetta Certified Advisor
c174,Shabsai Shuchatowitz,Evergreen Benefits Group,1,health_rosetta_live,https://healthrosetta.org/rosies/dc-2024/,"Recognized advisor at 2024 Rosies (Live event) for Extended Care Consulting and FTS International; Founder and CEO of Evergreen Benefits Group, independent fiduciary EB advisory firm"
c175,Patrick Blackaller,Employer Healthcare Cooperative of Wisconsin,1,health_rosetta_podcast,https://www.buzzsprout.com/2504748/episodes/18722321,"Guest on Relocalizing Health Ep 16 ""How Wisconsin Employers Are Transforming Healthcare""; leads the WI Employer Healthcare Cooperative, an independent employer purchasing cooperative (note: cooperative leader rather than traditional brokerage owner)"
c176,Nelson Griswold,NextGen Benefits / Bottom Line Solutions,1,linkedin_keyword_search,https://www.linkedin.com/in/nelsongriswold,Founder of NextGen Benefits Mastermind; vocal about broker fiduciary responsibility; surfaced via 'benefits broker founder fiduciary' search
c177,Adam Hewitt,Independent broker (PBM transparency LinkedIn post),1,linkedin_keyword_search,https://www.linkedin.com/posts/adamhewitt1_pbm-pbmreform-healthcarecosts-activity-7424874314610511872-qT7V,LinkedIn post on PBM transparency mandates; surfaced via 'PBM transparency benefits broker founder' search
c178,Mitchell Shames,Harrison Fiduciary Group LLC,1,linkedin_keyword_search,https://www.linkedin.com/in/mitchell-shames-25b14811/,Founder/Managing Director focused on fiduciary practices; surfaced via 'founder employee benefits fiduciary' search
c179,Jude Odu,Health Cost IQ,1,linkedin_keyword_search,https://www.linkedin.com/in/judeodu,Independent advisor publishing on transparency/fiduciary for self-insured employers; surfaced via 'benefits broker founder transparency' search
c180,Talia Hansen,Ethos Benefits,1,linkedin_keyword_search,https://www.linkedin.com/in/talia-hansen-a617b6262/,Fiduciary-first benefits consultant at fee-only firm; surfaced via 'benefits advisor of the year self-funded' search
c181,Alex Dampf,Pancoast Benefits,1,linkedin_keyword_search,https://www.benefitspro.com/2026/03/30/2026-advisor-of-the-year-finalist-alex-dampf/,"Health Rosetta certified advisor, 2026 Advisor of the Year finalist at independent EB agency; surfaced via 'independent benefits advisor founder' search"
c182,Braden Monaco,Blue Horizon Benefits,1,linkedin_keyword_search,https://www.linkedin.com/in/braden-monaco-8980408/,Co-founder/Managing Partner of independent EB consulting firm; BenefitsPro Broker of the Year finalist
c183,Mike Hill,Total Control Health Plans (TCHP),1,linkedin_keyword_search,https://totalcontrolhealthplans.com/news/tchp-founder-mike-hill-selected-as-finalist-for-benefits-pro-magazine-broker-of-the-year-2021/,"Founder of TCHP, nationally-recognized self-funded EB adviser; BenefitsPRO Broker of the Year 2021 finalist"
c184,Sally Pace,Connect Healthcare Collaboration,1,linkedin_keyword_search,https://www.linkedin.com/in/sally-pace-7ab4656/,CEO of EB marketing/advocacy firm supporting independent advisors; surfaced via 'benefits broker founder' search
c185,Jamie Greenleaf,Fiduciary In A Box,1,linkedin_keyword_search,https://www.linkedin.com/in/jamie-greenleaf-aif-cbfa-c-k-p-4029365a/,"Co-founder of Fiduciary In A Box, ERISA fiduciary advocate for employer health plans; surfaced via 'benefits broker fiduciary founder' search"
c186,Patrick Williams,Fiduciary In A Box,1,linkedin_keyword_search,https://www.linkedin.com/in/corporatefiduciary/,ERISA fiduciary advisor focused on employee benefits; surfaced via 'founder employee benefits fiduciary' search
c187,Jennifer Borislow,Borislow Insurance,1,linkedin_keyword_search,https://www.linkedin.com/in/jenniferborislow/,Founder/CEO of independent EB agency serving New England and beyond; surfaced via 'Borislow Insurance founder' search
c188,Terriann Procida,Innovative Benefit Planning LLC,1,linkedin_keyword_search,https://www.linkedin.com/in/terriann-procida-7b7a403,Co-founder/CEO of independent EB agency in NJ; surfaced via 'Innovative Benefit Planning founder' search
c189,Mark Sulpizio,Innovative Benefit Planning LLC,1,linkedin_keyword_search,https://www.ibpllc.com/about-innovative/,Co-founder of independent EB agency in NJ; surfaced via 'Innovative Benefit Planning founder' search
c190,Chris Van Buren,KMRD Partners,1,linkedin_keyword_search,https://kmrdpartners.com/human-capital-solutions/employee-benefits-advisory/health-rosetta/,Health Rosetta Certified Advisor / Benefits Partner at KMRD; surfaced via 'health rosetta certified advisor' search
c191,John E. Otto,Risk Services - Leavitt Insurance Agencies,1,linkedin_keyword_search,https://www.linkedin.com/in/johnottoclu/,Health Rosetta Benefit Advisor at independent insurance agency; surfaced via 'health rosetta advisor founder' search
c192,Greg Grimm,BenefitsOne Inc.,1,linkedin_keyword_search,https://www.linkedin.com/in/greg-grimm-56b99013/,President & CEO of independent EB firm; surfaced via 'independent benefits broker founder self-funded CEO' search
c193,Jon Johnson,Health Benefit Solutions LLC,1,linkedin_keyword_search,https://www.linkedin.com/in/jon-johnson-0303b513/,Owner of independent EB firm; surfaced via 'independent benefits broker founder self-funded CEO' search
c194,Gary V. Cupo,Benefit Solutions,1,linkedin_keyword_search,https://www.linkedin.com/in/gary-v-cupo-clu-chfc-530b942a/,President/CEO of independent EB agency ('Brokers' Broker'); surfaced via 'independent benefits broker founder' search
c195,Sandra Wood,The Benefits Academy,1,linkedin_keyword_search,https://www.linkedin.com/in/sandywood21/,"Chief Benefits Consultant/Founder, 30+ yrs in benefits brokerage; surfaced via 'founder benefits consultant transparent fee-only' search"
c196,Cecilia Kidder,ClearBenefits,1,linkedin_keyword_search,https://www.linkedin.com/in/ceciliakidder/,Founder/Benefits Consultant; surfaced via 'founder benefits consultant transparent fee-only' search
c197,Casey Raney,Tru Benefits Consultants,1,linkedin_keyword_search,https://www.linkedin.com/in/caseyraney/,Independent benefits consultant; surfaced via 'founder benefits consultant transparent fee-only' search
c198,Vernon Bonfield,Washington Health Insurance Agency (WHIA),1,linkedin_keyword_search,https://washingtonhealthinsuranceagency.com/benefits-advisor-washington-state/,"Founder of boutique benefits advisory firm (Tumwater WA), self-funded specialty; surfaced via 'benefits advisor of the year' search"
c199,Matt Ohrt,Free Market Medical Association / self-funded fiduciary health plan author,1,linkedin_keyword_search,https://www.linkedin.com/in/matt-ohrt-6a1335b/,Author/advisor on self-funded fiduciary health plan management; surfaced via 'Free Market Medical Association founder' search
c200,Stephanie Summers,Social Work Health Advocates (FMMA-affiliated),1,linkedin_keyword_search,https://fmmaconference.com/,"Founder of nonprofit, FMMA Dallas leadership; surfaced via 'Free Market Medical Association founder' search"
c201,Andrea Flynn,Blue Horizon Benefits,1,linkedin_keyword_search,https://bluehorizonbenefits.com/benefitspro/,Co-founder of independent EB consulting firm; surfaced via 'Blue Horizon Benefits founder' search
c202,Chris Morin,Blue Horizon Benefits,1,linkedin_keyword_search,https://bluehorizonbenefits.com/benefitspro/,Co-founder of independent EB consulting firm; surfaced via 'Blue Horizon Benefits founder' search
c203,Brent Watkins,Pancoast Benefits,1,linkedin_keyword_search,https://pancoastbenefits.com/staff/brent-watkins-2/,President since 2006 of independent EB consulting firm (Nashville TN); surfaced via 'Pancoast Benefits founder' search
c204,Doug Aldeen,ERISA attorney/fiduciary advisor,1,linkedin_keyword_search,https://www.custombenefits.work/news/2021/07/09/episode-8,ERISA attorney/fiduciary advisor connecting employers/providers; surfaced via 'Doug Aldeen benefits broker founder fiduciary' search
c205,Nancy Giacolone,Benefits broker (2023 BenefitsPRO Broker of the Year),1,linkedin_keyword_search,https://www.benefitspro.com/2023/04/12/2023-broker-of-the-year-meet-the-finalists/,2023 BenefitsPRO Broker of the Year; surfaced via 'BenefitsPro Broker of the Year' search
c206,George DuMouchel,GLD Advisors LLC,1,linkedin_keyword_search,https://www.linkedin.com/in/gldumouchel/,Co-founder/Senior Partner specializing in fiduciary retirement plan advice and employee benefits; surfaced via 'founder employee benefits fiduciary' search
c207,Lauren B.,Independent Founder / Benefits Consultant,1,linkedin_keyword_search,https://www.linkedin.com/in/lauren-b-4a0b236/,Founder/Benefits Consultant; surfaced via 'founder benefits consultant transparent fee-only' search
c208,Chris Wolpert,Group Benefit Solutions (GBS),1,self_funded_with_spencer,https://www.selffundedwithspencer.com/independent-benefits-consulting-with-chris-wolpert-of-gbs/,"Ep ""Independent Benefits Consulting with Chris Wolpert of GBS"" — founder of Group Benefit Solutions (Tacoma, WA), an independent risk-mitigation/cost-containment EB consulting firm and producer of the ""It's Not Personal, It's Just Healthcare"" documentary"
c209,Lester Morales,Next Impact,1,self_funded_with_spencer,https://www.selffundedwithspencer.com/episode-7-lester-morales/,"Ep 7 — founder and CEO of Next Impact LLC, an independent EB consulting firm focused on innovative cost-containment and transparent health benefits"
c210,Chris Fisher,BenefitsAlly,1,self_funded_with_spencer,https://www.selffundedwithspencer.com/episode-33-chris-fisher/,"Ep 33 — founder of BenefitsAlly (Houston, TX); previously in benefits sales/distribution roles; founded platform serving independent benefits professionals"
c211,Sean Turner,Buffer Insurance,1,self_funded_with_spencer,https://www.selffundedwithspencer.com/the-broker-as-a-buffer-sean-turner-founder-of-buffer-insurance/,"Ep ""The Broker as a Buffer"" — founder of Buffer Insurance (Southlake, TX), a veteran-led and veteran-owned independent insurance agency providing employer benefit plans"
c212,Heather Bowers,Lone Star Benefits,1,self_funded_with_spencer,https://www.selffundedwithspencer.com/elevate-your-customer-service-game-with-heather-bowers/,"Ep ""Elevate Your Customer Service Game"" (Aug 2024) — president/owner of Lone Star Benefits Inc. (Frisco, TX), 2nd-generation independent EB agency she acquired in 2021, representing 80+ carriers for small/mid-size employer benefit programs"
c213,Scott Smith,TRUE Network Advisors,1,self_funded_with_spencer,https://www.selffundedwithspencer.com/leadership-legacy-with-scott-smith-presidentceo-of-true-network-advisors/,"Ep ""Leadership & Legacy"" (May 2023, plus 2025 ""Building a Contagious Community"") — founder/president/CEO of TRUE Network Advisors, a collaborative network of independent growth-oriented employee benefits agencies"
c214,Chris Hamilton,Hotchkiss Insurance,1,self_funded_with_spencer,https://www.selffundedwithspencer.com/a-renaissance-in-employee-benefits-with-chris-hamilton/,"Multi-episode guest (Jan 2023 ""A Renaissance in Employee Benefits""; 2025 ""Why Did They Dismiss The J&J Lawsuit?"") — Partner and Employee Benefits Practice Leader at Hotchkiss Insurance, one of the largest privately/family-owned independent insurance brokerages in Texas; 2025 BenefitsPRO Advisor of the Year; founder of Benefits Insider"
c215,Mike Massé,Hotchkiss Insurance,1,self_funded_with_spencer,https://www.selffundedwithspencer.com/episode-16-mike-masse/,Ep 16 — employee benefits consultant at Hotchkiss Insurance (independently/family-owned Texas EB brokerage); appeared on podcast discussing self-funded benefits strategy
c216,Ross Conner,Hotchkiss Insurance,1,self_funded_with_spencer,https://www.selffundedwithspencer.com/where-property-casualty-self-funding-collide/,"Ep ""Where Property & Casualty & Self-Funding Collide"" (April 2023) — consultant at Hotchkiss Insurance, family-owned independent Texas brokerage"
c217,Emma Fox,FoxWatch Consulting,1,validation_institute,https://validationinstitute.com/fiduciary/,Founder/CEO of independent fiduciary EB consultancy FoxWatch; listed on Validation Institute Fiduciary Validated Benefits Firms & Advisors directory.
c218,Paul H. Flowers Jr.,Superior Insurance Advisors,1,validation_institute,https://validationinstitute.com/fiduciary/,Founder/CEO of independent EB brokerage Superior Insurance Advisors; Validation Institute fiduciary-validated advisor.
c219,Bunky Garrabrant,Health Compass Consulting,1,validation_institute,https://validationinstitute.com/certified-professionals/,Certified Health Value Professional (CHVP) at independent EB consultancy Health Compass Consulting.
c220,Brittany Nelson,Shepherd Insurance,1,validation_institute,https://validationinstitute.com/certified-professionals/,Certified Health Value Professional (CHVP) at independent EB brokerage Shepherd Insurance.
c221,Brad Dumke,EquityHealth,1,validation_institute,https://validationinstitute.com/certified-professionals/,Certified Health Value Professional (CHVP) at independent EB advisory EquityHealth.
c222,Joseph Hall,Remedy Advisors,1,validation_institute,https://validationinstitute.com/certified-professionals/,Certified Health Value Professional (CHVP) at independent EB advisory firm Remedy Advisors.
c223,Scott Long,APEX Benefits,1,validation_institute,https://validationinstitute.com/certified-professionals/,Certified Health Value Professional (CHVP) at independent EB brokerage APEX Benefits.
c224,Brandon Mills,SIA Group,1,validation_institute,https://validationinstitute.com/certified-professionals/,Certified Health Value Professional (CHVP) at independent EB brokerage SIA Group.
c225,Peter Moskowitz,Decision Associates International,1,validation_institute,https://validationinstitute.com/certified-professionals/,Certified Health Value Professional (CHVP) at independent EB consultancy Decision Associates International.
c226,Katy Talento,KFT Consulting,1,validation_institute,https://validationinstitute.com/certified-professionals/,Certified Health Value Professional (CHVP) and principal of independent EB consultancy KFT Consulting.
c227,Frank Malatesta,ProvInsure,1,validation_institute,https://validationinstitute.com/certified-professionals/,Certified Health Value Professional (CHVP) at independent EB advisory ProvInsure.
c228,Jordan Martin,Stolly Insurance Group,1,validation_institute,https://validationinstitute.com/certified-professionals/,Certified Health Value Professional (CHVP) at independent EB brokerage Stolly Insurance Group.
c229,William Stratton,"Freedom-3, LLC",1,validation_institute,https://validationinstitute.com/certified-professionals/,"Certified Health Value Professional (CHVP) at independent EB advisory Freedom-3, LLC."
c230,Louis Bernardi,BritePath,1,validation_institute,https://validationinstitute.com/certified-professionals/,Certified Health Value Advisor (CHVA); founder/principal of independent EB advisory BritePath.
c231,Seth Pearson,Pearson Insurance Agency,1,validation_institute,https://validationinstitute.com/certified-professionals/,Certified Health Value Advisor (CHVA); independent EB brokerage owner/principal.
c232,Karen Kirkpatrick,Independent EB consultant,1,validation_institute,https://validationinstitute.com/certified-professionals/,Certified Health Value Advisor (CHVA); independent EB consultant/principal.
c233,Marshall Allen,Allen Health Academy,1,validation_institute,https://validationinstitute.com/certified-professionals/,Certified Health Value Advisor (CHVA); independent EB educator/advisor.
c234,Russell DuBose,Phifer Inc / independent benefits advisor,1,validation_institute,https://validationinstitute.com/certified-professionals/,Certified Health Value Advisor (CHVA); independent EB advisor/principal.
